alpha;gamma;epsilon;no_success;success;steps;deadline_start;deadline_end;percentage
1;0.05;1;0.0;100.0;11.2;29.98;18.168;60.5541778227
1;0.3;1;1.2;98.8;11.4;29.74;17.156;57.6810111421
1;0.6;1;1.4;98.6;11.6;28.79;16.782;58.3186656214
1;0.9;1;0.6;99.4;10.2;29.93;17.734;59.2572481075
1;1.0;1;0.6;99.4;12.2;29.95;18.074;60.3395799036
