alpha;gamma;epsilon;no_success;success;steps;deadline_start;deadline_end;percentage
1;0.05;1;86.6;13.4;25.6;30.0376666667;16.3843166667;54.5431178693
1;0.3;1;85.8;14.2;32.0;29.837;16.36865;54.8612221873
1;0.6;1;81.0;19.0;21.0;29.5491666667;17.03985;57.6518891067
1;0.9;1;86.4;13.6;26.8;29.868;16.2707333333;54.4718974305
1;1.0;1;74.6;25.4;38.4;29.8323333333;17.0007333333;56.9945499612
