alpha;gamma;epsilon;no_success;success;steps;deadline_start;deadline_end;percentage
1;0.05;1;1.2;98.8;15.8;30.0;16.984;56.6040837117
1;0.3;1;1.0;99.0;13.2;30.2;17.74;58.7352119188
1;0.6;1;4.6;95.4;13.2;29.47;15.24;51.6596037527
1;0.9;1;10.0;90.0;8.2;30.46;14.636;48.0424475645
1;1.0;1;32.0;68.0;20.2;29.66;10.598;36.0452846846
